name,wins,gamesPlayed,win%
tttuser123,12,34,0.35294117647058826
connect5god,23,43,0.5348837209302325
grassiscool,11,11,1.0
newname,0,0,0.0
username,16,41,0.3902439024390244
ben123,8,16,0.5
kevin,5,10,0.5
markus,4,8,0.5
